{"6fu96zQIW7fPt+m80Jw97Q==":"waves-1920x1080.jpg","slyqsglNtuFLzOgfpkJ/wQ==":"earth-864x575.jpg","/yFfOITbZM1KJpPysATTOA==":"planting-1368x783.jpg","Gtfpx47vgdXxRV4c07wBSw==":"wave_dev-90x90.png","1PBvZzVWZZ510hwiHbz3zA==":"wave-90x72.png","yHqKWXMzlEG7VsXmtKAnyA==":"artificial-intelligence-blur-close-up-546819-2000x1328.jpg","UnuqRavdH5ProEbwYDtYrQ==":"wave-122x98.png","tmUVTWJU09yPmrvT2x5N3g==":"con13-2000x1333.jpeg","tiTqnqKI4sQQnGWL1E0/pQ==":"homeoffice-1920x1280.jpg","ySfjlKxa5u6zs1/LUmPE3Q==":"header-1920x1080.jpg","aMXiVVxtzQlHIWR7aIZe8g==":"moderntech-1472x981.jpg","aJVXh025MJAF+Tqto8etsQ==":"wave-1242x1000.png","GmX25Jw8tfu4fr2TZVH5rw==":"background1.jpg","fJAzlVdlKia1FwfEuxntfQ==":"instagram-240x240.png","TfjSiiNEg68XsR49Sv1NsQ==":"facebook-240x241.png","dmu4N4OhFI5Rw9ZH2xrt/w==":"faithlife-400x400.png","FXDftR+EqwhGfGGeqWP4SQ==":"videogaming-2000x1333.jpg","oLX9OuzszGXOmE4odqYD+g==":"wdm-vintage-wide-1920x1080.png","6Jbe5M76/zs7WpSQa0MRgQ==":"wdmgxpwa-240x240.png","1JK31TqVcRD52ot77sXx5w==":"wdmpwa-240x240.png","BfbspoVnVG1wYDpbvqolUw==":"earthpwa-240x240.png"}